<?xml version="1.0" encoding="ISO-8859-1"?>

<!DOCTYPE web-app
    PUBLIC "-//Sun Microsystems, Inc.//DTD Web Application 2.3//EN"
    "http://java.sun.com/dtd/web-app_2_3.dtd">
<!--
Automatically created by Apache Tomcat JspC.
-->
<web-app>

	<servlet>
		<servlet-name>traderlyncProfileSummary</servlet-name>
		<servlet-class>com.ifsoft.traderlync.openlink.view.ProfileSummary</servlet-class>
	</servlet>

	<servlet>
		<servlet-name>traderlyncProfileDetail</servlet-name>
		<servlet-class>com.ifsoft.traderlync.openlink.view.ProfileDetail</servlet-class>
	</servlet>
	
	<servlet>
		<servlet-name>traderlyncInterestDetail</servlet-name>
		<servlet-class>com.ifsoft.traderlync.openlink.view.InterestDetail</servlet-class>
	</servlet>

	<servlet>
		<servlet-name>traderlyncCallHistory</servlet-name>
		<servlet-class>com.ifsoft.traderlync.openlink.view.CallHistory</servlet-class>
	</servlet>
	
	<servlet>
		<servlet-name>checkNumberFormat</servlet-name>
		<servlet-class>com.ifsoft.traderlync.openlink.view.CheckNumberFormat</servlet-class>
	</servlet>	
	
	<servlet-mapping>
		<servlet-name>traderlyncProfileSummary</servlet-name>
		<url-pattern>/traderlync-profile-summary</url-pattern>
	</servlet-mapping>

	<servlet-mapping>
		<servlet-name>traderlyncProfileDetail</servlet-name>
		<url-pattern>/traderlync-profile-detail</url-pattern>
	</servlet-mapping>

	<servlet-mapping>
		<servlet-name>traderlyncInterestDetail</servlet-name>
		<url-pattern>/traderlync-interest-detail</url-pattern>
	</servlet-mapping>	

	<servlet-mapping>
		<servlet-name>traderlyncCallHistory</servlet-name>
		<url-pattern>/traderlync-call-history</url-pattern>
	</servlet-mapping>
	
	<servlet-mapping>
		<servlet-name>checkNumberFormat</servlet-name>
		<url-pattern>/traderlync-check-number-format</url-pattern>
	</servlet-mapping>	
</web-app>

